R1_closing_AIR,R1_opening_AIR,seats_in_band,state,college
8011,8011,1,Maharashtra,"Government Medical College, Nashik"
8069,8069,1,DNH & DD,"Namo Medical Education & Research Institute, Govt Medical College Silvassa"
8176,8037,2,Tamil Nadu,"Gvmc, Villupuram"
8209,8209,1,Telangana,Government Medical College Suryapet
8222,8222,1,Himachal Pradesh,"Pt. Jawahar Lal Nehru Govt. Med. College, Chamba"
8228,8095,3,Tamil Nadu,"Govt. Dharamapuri Med Coll, Dharmapuri"
8374,8304,2,Tamil Nadu,"Irt Perundurai Medical College, Perundurai"
8390,8028,3,West Bengal,"Sagar Dutta Medical College & Hospital, Kolkata"
8400,8325,2,Madhya Pradesh,"S.S. Medical College, Rewa"
8491,8491,1,Rajasthan,Govt Medical College
8652,8141,3,Rajasthan,Govt Medical College Barmer Rajasthan
8718,8716,2,Odisha,"Sri Jagannath Medical College & Hospital, Puri"
8746,8746,1,Bihar,"Jawaharlal Nehru Medical College, Bhagalpur"
8815,8552,2,Andhra Pradesh,"Sri Venkateswara Medical College, Tirupati"
8827,8658,4,Bihar,"Atal Bihari Vajpayee Government Medical College, Vidisha"
8875,8034,4,Puducherry,"Indira Gandhi Medical College & Ri, Puducherry"
8914,8770,4,Tamil Nadu,"Government Medical College, Tiruppur"
8923,8078,6,Karnataka,"Hassan Inst. Medical Sciences, Hassan"
8943,8943,1,Rajasthan,"Government Medical College, Jhunjhunu"
8974,8261,2,Telangana,Kakatiya Medical College Warangal
9008,8523,3,Rajasthan,"Government Medical College Chittorgarh, Government Medical College Chittorgarh"
9034,8322,3,Tamil Nadu,"Government Medical College, Nilgiris"
9156,9156,1,Rajasthan,"Gmc Dausa Rajasthan, Gmc Dausa Mitrapura Bhandarej Mod Dausa"
9193,9193,1,Odisha,"Saheed Laxman Nayak Med. College And Hos., Koraput"
9314,9024,3,Maharashtra,Govt Medical College Baramati
9413,8154,6,Karnataka,"Shimoga Inst. Of Medical Sci., Shimoga"
9427,9427,1,Tamil Nadu,Govt. Sivgangai M. C. Sivagangai
9450,8269,6,Tamil Nadu,Govt. Medical College Karur
9616,9300,2,Haryana,"Shkm Gmc, Nalhar"
9623,8060,3,Jharkhand,"Shaheed Nirmal Mahto Medical College & Hospital, Dhanbad"
9655,8556,4,Uttarakhand,"Government Medical College, Haridwar"
9675,8182,4,Andhra Pradesh,"Siddartha Medical College, Vijayawada"
9704,9123,4,,"Bundelkhand Medical College, Sagar"
9708,9708,1,Andhra Pradesh,"Rims, Ongole"
9732,8059,8,West Bengal,"Esic Pgimsr, Joka"
9779,8830,8,Chhattisgarh,"Chhattisgarh Institute Of Medical Sciences, Bilasp"
9897,8019,3,Tamil Nadu,"Thiruvannamalai Mc, Thiruvannamalai"
9917,8132,13,Maharashtra,"Mg Inst. Of Medical Sciences, Sevagram Wardha"
9926,8406,4,Tamil Nadu,"Rajah Muthiah Medical College, Annamalai Universit"
9955,9955,1,Tamil Nadu,"Government Medical College, Dindigul"
9960,8424,6,Rajasthan,"Govt Medical College, Dungarpur"
9965,8529,6,Uttarakhand,Veer Chandra Singh Garhwali Govt. Institute Of Medical Science &
9966,8526,5,Karnataka,"Esic Medical College, Gulbarga"
10014,8878,4,Tamil Nadu,"Government Medical College, Namakkal"
10078,8423,6,West Bengal,"Burdwan Medical College, Burdwan"
10119,8075,5,Bihar,"Sri Krishna Medical College, Muzaffarpur"
10270,10270,1,Jharkhand,Medinirai Medical College (Previously Known As Palamu Medical College)
10285,8286,10,Maharashtra,"Dr. Vaishampayam Memorial M.C., Sholapur"
10293,10293,1,Gujarat,Gmers Medical College
10378,8575,8,Madhya Pradesh,"Govt Medical College Ratlam, Gram Banjali"
10381,10381,1,Telangana,"Government Medical College, Quthbullapur"
10400,10000,4,Tamil Nadu,"Gtmc, Thiruvarur"
10401,9165,7,Maharashtra,"Government Medical College, Miraj"
10476,9352,4,Rajasthan,"Govt. Medical College, Sirohi (Rajasthan)"
10533,9157,6,West Bengal,"North Bengal Med.Coll, Darjeeling"
10554,9253,4,Karnataka,"Gulbarga Institute Of Medical Sciences, Gulbarga"
10609,10609,1,Gujarat,"Gmers Medical College, Morbi"
10674,8570,5,Tamil Nadu,"Government Medical College, Krishnagiri"
10679,8337,6,Meghalaya,"Neigrihms, Shillong"
10692,10660,2,Rajasthan,"Government Medical College, Bundi"
10750,8669,4,Rajasthan,"Government Medical College, Hanumangarh"
10856,10133,4,Rajasthan,"Government Medical College, Dholpur"
10875,8403,4,Tamil Nadu,Government Medical College
10895,8388,7,West Bengal,"College Of Medicine And Jnm Hospital, Kalyani"
10909,10857,2,West Bengal,"Diamond Harbour Govt Medical College, New Town"
10932,8595,4,Bihar,"Anugrah Narayan Magadh Medical College, Gaya"
10942,10942,1,Chhattisgarh,"Chandulal Chandrakar Memorial Government Medical College, Durg"
11026,8077,6,Karnataka,"Vijaynagar Inst Of Med. Sc, Bellary"
11149,10984,2,Tamil Nadu,"Govt. Pudukkottai Medical College Hopt., Pudukkott"
11152,11152,1,Telangana,"Government Medical College, Nizamabad"
11157,8378,2,Maharashtra,Goverment Medical College Nandurbar Mahararastra
11177,8393,8,Maharashtra,"Rajarshee Chhatrapati Shahu Maharaj Government Medical College Kolhapur, Rajarshee"
11198,11005,2,Chhattisgarh,"Lt. B R K Government Medical College, Jagdalpur"
11211,11211,1,Karnataka,"Gadag Institute Of Medical Sciences, Gadag Institute Of Medical Sciences"
11240,10573,4,Maharashtra,"Dr.S.C.Govt Medical College, Nanded"
11290,10509,3,Rajasthan,Gmc Karauli
11373,10422,3,Tamil Nadu,"Government Medical College, Ariyalur"
11464,10849,5,Madhya Pradesh,"Govt Medical College Shivpuri, Near Katha Mill"
11519,11352,2,Maharashtra,"Sh Vasant Rao Naik Govt.M.C., Yavatmal"
11523,11225,3,Tamil Nadu,"Government Medical College, Ramanathapuram"
11571,8173,9,Assam,"Assam Medical College, Dibrugarh"
11575,10435,6,,Govt Medical College Badaun
11579,8742,2,Jammu And Kashmir,"Govt. Medical College, Udhampur"
11639,9303,5,Odisha,"Government Of Medical College And Hospital, Balasore"
11672,11672,1,Bihar,Government Medical College Purnea
11726,8420,3,Rajasthan,"Government Medical College, Sawai Madhopur"
11775,9273,3,West Bengal,"Barasat Government Medical College & Hospital, West Bengal"
11786,11786,1,Andhra Pradesh,"Government Medical College, Ananthapuram"
11815,11815,1,Assam,"Jorhat Medical College And Hospital, Jorhat"
11845,11086,3,Rajasthan,"Government Medical College, Banswara"
11883,10965,8,Karnataka,"Bidar Institute Of Medical Sci., Bidar"
11895,9857,11,West Bengal,"Bankura Sammilani Med Coll, Bankura"
11917,10713,6,Uttarakhand,Soban Singh Jeena Government Institute Of Medical Science &
11929,9409,4,Jammu And Kashmir,"Government Medical College, Kathua"
11960,10247,6,,"Govt. Medical College, Khandwa"
11990,11541,4,Tamil Nadu,"Government Medical College, Kallakurichi"
12014,9246,4,Andaman & Nicobar,"Andaman And Nicobar Islands Institute Of Medical S, Director Aniims"
12027,11601,3,Maharashtra,"Govt. Medical College And Hospital, Chandrapur"
12056,11790,3,Jharkhand,"Sheikh Bhikhari Medical College & Hospital, Hazaribag ( Formerly Called"
12091,11606,2,Chhattisgarh,"Lt. L A M Govt. Medical College, Raigarh"
12093,12093,1,Maharashtra,"Government Medical College And District General Hospital, Ratnagiri"
12096,10060,7,Karnataka,"Kodagu Institute Of Medical Sciences, Kodagu"
12163,9939,3,Jammu And Kashmir,"Government Medical College, Anantnag J&K"
12166,11715,5,Rajasthan,"Government Medical College, Baran"
12178,10664,4,Maharashtra,Government Medical College And General Hospital
12184,10279,4,Manipur,"Regional Inst Of Medical Sci, Imphal"
12233,11320,3,Maharashtra,"Government Medical College, Latur"
12262,11982,7,Tamil Nadu,"Government Medical College, Nagapattinam"
12288,12288,1,Karnataka,"Haveri Institute Of Medical Sciences, Karnataka"
12303,11172,3,Karnataka,C. Institute Of Medical Sciences
12313,12135,2,Jammu And Kashmir,"Government Medical College, Baramulla"
12341,12341,1,Tripura,"Agartala Govt. Medical College, Agartala"
12352,10649,6,Andhra Pradesh,"Acsr Govt Medical College, Nellore"
12354,12083,3,Bihar,"Goverment Medical College, Bettiah"
12370,12370,1,Madhya Pradesh,"Virendra Kumar Sakhlecha Government Medical College, Neemuch"
12424,11827,3,Odisha,"Bhima Bhoi Medical College And Hospital, Balangir"
12463,10560,4,Odisha,"Pt. Raghunath Murmu Med. College, Baripada"
12520,12127,4,Karnataka,"Chikkaballapura Institute Of Medical Sciences, Karnataka"
12648,12648,1,Maharashtra,"Government Medical College, Bhandara"
12676,11446,4,West Bengal,"Midnapore Medical College, Midnapur"
12677,10446,8,Maharashtra,"Shri Bhausaheb Hire Govt. M.C., Dhule"
12681,12009,2,Maharashtra,"Swami Ramanand Tirth Rural M.C, Ambajogai"
12698,12535,2,Karnataka,"Karwar Institute Of Medical Sciences, Karwar"
12719,8213,8,Andhra Pradesh,"Svims - Sri Padmavathi Medical College For Women, Tirupati"
12744,11134,3,Madhya Pradesh,Government Medical College Satna
12749,10864,2,Jammu And Kashmir,"Government Medical College, Anantnag"
12759,8098,3,Madhya Pradesh,"Government Medical College, Seoni"
12773,12773,1,Assam,"Tezpur Medical College, Tezpur"
12797,12797,1,Chhattisgarh,"Government Medical College, Kanker"
12808,9646,2,Jammu And Kashmir,"Government Medical College, Doda"
12815,8637,7,Maharashtra,"Government Medical College, Akola"
12859,9728,3,Madhya Pradesh,"Chhindwara Institute Of Medical Sciences, Teachers Colony"
12938,11036,5,,"Goverment Medical College, Datia"
12965,11259,4,Telangana,Rajiv Gandhi Institute Medical Sce Of Adilabad
12980,10994,6,Karnataka,"Raichur Inst. Of Medical Sci., Raichur"
