College _Name,,State,Year of Inception,"R1 Closing Rank
2022","Total 
Seat Alloted in R1","R2 Closing Rank
2022","Total 
Seat Alloted in R2","R3 Closing Rank
2022","Total 
Seat Alloted in R3"
DREAM OPTIONS,,,,,,,,,
"AIIMS, New Delhi",,Delhi,1956,55,48,61,2,--,--
JIPMER PUDUCHERRY,,Pondicherry,1956,302,51,--,--,--,--
"Maulana Azad Medical College, New Delhi",,Delhi,1958,91,14,107,2,--,--
"Vardhman Mahavir Medical College and Safdarjung Hospital New Delhi, VMMC",,Delhi,2002,129,10,--,--,--,--
"University College of Medical Sciences, New Delhi",,Delhi,1971,191,10,217,2,--,--
"SETH G.S. MEDICAL COLLEGE, MUMBAI",,Maharashtra,1925,697,12,--,--,5288,1
"Atal Bihari Vajpayee Institute of Medical Sciences & DR RML HOSPITAL, NEW DELHI",,Delhi,2008,173,5,--,--,--,--
"Dr. B.S.A. Medical College, Delhi",,Delhi,2016,767,7,879,2,--,--
"NDMC Medical College, Delhi",,Delhi,2013,909,3,1069,2,--,--
"INST.OF MED.SCIENCES, BHU,VARANASI",,Uttar Pradesh,1960,866,39,940,6,2735,1
"GOVERNMENT MEDICAL COLLEGE AND HOSPITAL, CHANDIGAR",,Chandigarh,1991,313,8,91,1,--,--
"AIIMS, Jodhpur",,Rajasthan,2012,569,48,502,1,--,--
"AIIMS, Rishikesh",,Uttarakhand,2012,839,47,817,8,2908,2
AIIMS-Bhopal,,Madhya Pradesh,2012,576,48,579,4,--,--
"AIIMS, Bhubaneswar",,Odisha,2012,564,48,72,1,--,--
"KGMC, LUCKNOW",,Uttar Pradesh,1911,1026,14,1457,6,--,--
"GRANT MEDICAL COLL & SIR J.J.HOSP,MUMBAI",,Maharashtra,1845,1767,15,2045,11,7177,6
"S.M.S. MEDICAL COLLEGE, JAIPUR",,Rajasthan,1947,829,13,959,3,3767,1
"AIIMS, Nagpur",,Maharashtra,2018,1328,48,1190,5,--,--
"AIIMS, Patna",,Bihar,2012,1461,49,1537,14,2737,1
"AIIMS, Raipur",,Chhattisgarh,2012,1052,47,1082,8,--,--
"LOKMANYA TILAK  MUNICIPAL M C,MUMBAI",,Maharashtra,1964,2573,13,4857,10,8562,3
"TOPIWALA NATIONAL MEDICAL COLLEGE,MUMBAI",,Maharashtra,1964,2899,8,5193,7,6057,1
"RUHS College of Medical Sciences, Jaipur",,Rajasthan,2014,1898,10,3281,9,4313,2
"BAHIRAMJEE JIJIBHAI MEDICAL COLLGE, PUNE",,Maharashtra,1964,1642,15,3321,6,7779,3
"B.J. MEDICAL COLLEGE, AHMEDABAD",,Gujarat,1946,630,16,--,--,--,--
"AIIMS, Gorakhpur",,Uttar Pradesh,2019,2606,49,2214,10,4518,3
"MEDICAL COLLEGE, KOLKATA",,West Bengal,1838,1646,15,1855,2,--,--
"Dr Ram Manohar Lohia Inst. of Med. Sce., Lucknow",,Uttar Pradesh,2017,2179,12,3280,9,5893,3
"MOTI LAL NEHRU MEDICAL COLL, ALLAHABAD",Can get,Uttar Pradesh,1961,4450,12,6444,8,12413,6
"GOVT. MEDICAL COLLEGE, NAGPUR",Can get,Maharashtra,1947,3809,14,5629,10,12758,6
Bangalore Medical College and Research Institute,,Karnataka,1955,1147,14,1451,5,6483,2
"AIIMS, Rai Bareli",,Uttar Pradesh,2013,2991,38,3043,18,4504,3
"M.G.M. MEDICAL COLLEGE, INDORE",,Madhya Pradesh,1948,3649,13,5312,9,8291,4
"MEDICAL COLLEGE, BARODA",,Gujarat,1949,2254,13,3554,7,7699,1
"GANDHI MEDICAL COLLEGE, BHOPAL",Can get,Madhya Pradesh,1955,4748,15,6205,10,10455,2
"GOVERNMENT MEDICAL COLLEGE, SURAT",,Gujarat,1964,3387,15,4948,9,10742,4
"G.S.V.M. MEDICAL COLLEGE, KANPUR",,Uttar Pradesh,1955,3927,14,5594,12,7540,4
"NILRATAN SIRKAR MEDICAL COLLEGE, KOLKATA",Can get,West Bengal,1948,4552,15,5988,14,11966,2
AIIMS Bathinda,,Punjab,2019,1920,39,1271,6,--,--
AIIMS Mangalagiri,,Andhra Pradesh,2018,2383,49,1815,6,3352,2
"L.L.R.M. MEDICAL COLLEGE, MEERUT",,Uttar Pradesh,1966,4369,6,5337,3,6514,1
Govt institute of Medcial Sciences Kasna,,Uttar Pradesh,2019,4176,5,5034,5,5842,2
"S.N. MEDICAL COLLEGE, AGRA",,Uttar Pradesh,1939,4026,6,5853,3,8498,2
"B.R.D. MEDICAL COLLEGE, GORAKHPUR",,Uttar Pradesh,1972,5315,8,8265,8,13662,3
"MAHARANI LAXMI BAI MEDICAL COLL,JHANSI",,Uttar Pradesh,1968,5653,9,8388,9,14220,4
"GOVT.MEDICAL COLLEGE, AMRITSAR",Can get,Punjab,1943,4984,13,5525,9,13373,6
"SARDAR PATEL MEDICAL COLLEGE, BIKANER",,Rajasthan,1959,2161,15,4078,9,9103,5
"DR.S.N. MEDICAL COLLEGE, JODHPUR",,Rajasthan,1965,2731,14,4747,13,9251,6
"GOVT. MEDICAL COLLEGE,PATIALA",,Punjab,1953,3745,13,4138,7,7554,2
"R.N.T. MEDICAL COLLEGE, UDAIPUR",,Rajasthan,1961,3379,13,5479,11,9556,5
"G.R. MEDICAL COLLEGE, GWALIOR",Can get,Madhya Pradesh,1946,5969,11,8195,11,12588,3
"GOA MEDICAL COLLEGE, PANAJI",Can get,Goa,1963,5832,8,7991,5,14964,4
"NETAJI SUBHASH CHANDRA BOSE MC,JABALPUR",,Madhya Pradesh,1955,6067,11,8544,10,15012,8
"CALCUTTA NATIONAL MED COLL,KOLKATA",,West Bengal,1948,5519,14,7779,12,14859,8
"M.P. SHAH MEDICAL COLLEGE, JAMNAGAR",Can get,Gujarat,1955,4924,15,6922,10,12383,2
"Pt. D.D.U MEDICAL COLLEGE, RAJKOT",Can get,Gujarat,1995,4521,10,6434,9,12642,4
"INST OF PG MED EDU & RESEARCH,KOLKATA",,West Bengal,1957,3045,12,4459,9,5133,1
"Dr. R. N. Cooper General Hospital, Juhu, Mumbai",Can get,Maharashtra,2015,4722,12,6147,11,12025,5
"RAJIV GANDHI MEDICAL COLLEGE, THANE",,Maharashtra,1992,5634,6,7710,5,9890,1
"INDIRA GANDHI GOVT.MEDICAL COLL., NAGPUR",,Maharashtra,1968,5733,11,7121,10,14688,4
MYSORE MED.& RESEARCH INST. MYSORE,Can get,Karnataka,1924,2154,9,6583,5,13151,3
"INDIRA GANDHI MEDICAL COLL., SHIMLA",,Himachal Pradesh,1966,2174,7,3122,4,6433,2
"ESIC Medical College, Faridabad",,Haryana,2015,3562,7,4040,3,5853,2
"ESIC Medical College, Hyderbad",Can get,Telangana,2016,5390,7,7828,6,15786,3
"AIIMS, Kalyani",,West Bengal,2019,2783,49,2307,7,--,--
"MG Inst. of Medical Sciences, Sevagram Wardha",,Maharashtra,1969,8174,16,10620,16,18108,10
"GOVT. MEDICAL COLLEGE,AURANGABAD",Can consider,Maharashtra,1956,6634,11,9300,10,15515,6
"R.G. KAR MEDICAL COLLEGE,KOLKATA",Can get,West Bengal,1916,5279,14,7147,13,13054,4
"ESI-MC&PGIMS&R, Banglore",,Karnataka,2012,5320,11,7058,8,14828,4
"KARNATAK INST. OF MEDICAL SC.,HUBLI",Can get,Karnataka,1957,4672,13,7844,5,15288,4
"Jawaharlal Nehru Medical College, AMU,ALIGARH",Muslim College,Uttar Pradesh,1961,3028,68,3696,25,6205,5
"JAWAHAR LAL NEHRU MEDICAL, AJMER",Can get,Rajasthan,1965,3875,13,5974,10,11033,7
"AIIMS, Bibi Nagar, Hyderabad",Location issue,Telangana,2019,2866,38,3061,19,6673,4
"AIIMS Bilaspur Changar Palasiyan, Himachal Pradesh",Location issue,Himachal Pradesh,2021,3109,39,3079,12,--,--
AIIMS Guahawti,Location issue,Assam,2020,4073,38,4643,17,7695,3
AIIMS Rajkot,,Gujarat,2020,2790,20,3352,13,7046,5
"RAJENDRA INST. OF MED. SCI., RANCHI",Location issue,Jharkhand,1960,4953,10,7027,6,9986,1
"GOVT.MEDICAL COLLEGE, KOTA",,Rajasthan,1992,4376,13,6726,11,11247,4
AIIMS Jammu,,Jammu & Kashmir,2020,4497,23,4491,12,--,--
"Uttar Pradesh University of Medical Sciences, Saifai, Etawah",Can consider,Uttar Pradesh,2006,6710,12,9299,11,15093,5
Govt Medical College Faizabad,,Uttar Pradesh,2019,9041,6,10917,6,16134,4
"GMC, Azamgarh, UP",,Uttar Pradesh,2013,8526,6,11137,6,16829,4
"Govt. Medical College, Kannauj",,Uttar Pradesh,2012,8035,6,10172,6,15596,4
JIPMER KARAIKAL,Location issue,Pondicherry,2016,2571,18,4473,18,11627,12
"Government Doon Medcial College, Dehradun",Can consider,Uttarakhand,2016,5853,8,6524,8,12293,3
"MADRAS MEDICAL COLLEGE, CHENNAI",Can consider,Tamil Nadu,1835,797,14,894,2,4067,1
"STANLEY MEDICAL COLLEGE, CHENNAI",Can consider,Tamil Nadu,1838,1778,13,4738,13,14337,6
"INST OF PG MED EDU & RESEARCH,KOLKATA",,West Bengal,1957,3045,12,4459,9,5133,1
"Shri Atal Bihari Vajpayee Medical College & Research Institute, Bengaluru",,Karnataka,2019,4596,10,7701,10,13443,5
"BELGAUM INST. OF MEDICAL SCI., BELGAUM",,Karnataka,2006,6873,10,5702,4,15845,3
"PATNA MEDICAL COLLEGE, PATNA",Location issue,Bihar,1925,3005,12,2515,2,--,--
Govt Medical College Firozabad,,Uttar Pradesh,2019,8850,6,11712,6,16446,4
Govt Medical College Badaun,,Uttar Pradesh,2019,9871,7,11658,6,17078,3
"Autonomous State Medical College Society , Mirzapur",,Uttar Pradesh,2021,12620,5,14713,4,19092,1
"UTTARANCHAL F HOSP TRUST MC,HALDWANI",Can consider,Uttarakhand,2001,6446,7,8270,6,14470,4
,,,,,,,,,
,,,,,,,,,
,,,,,,,,,
"PT. B.D. SHARMA PGIMS, ROHTAK",Bond and haryana,Haryana,1960,4811,13,7932,12,9111,4
,,,,,,,,,
PROBABLE OPTIONS,,,,,,,,,
"MEDICAL COLLEGE, BHAVNAGAR",,Gujarat,1995,6218,13,8346,13,13139,6
"DR.RAJENDRA PRASAD MC, TANDA",,Himachal Pradesh,1996,4558,8,5232,5,--,--
,,,,,,,,,
,,,,,,,,,
"S.C.B. MEDICAL COLLEGE, CUTTACK",Location issue,Odisha,1944,2477,14,3905,4,10103,1
Osmania Medical College Koti,Location issue,Telangana,1946,4090,14,6187,12,11254,2
Gandhi Medical College Musheerabad Secunderabad,Location issue,Telangana,1954,2264,12,2600,3,9451,1
"Indira Gandhi Institute of Medical Sciences, Patna",Location issue,Bihar,2011,4157,5,4953,4,9118,3
"Government Medical college, Srinagar ",Location issue,Jammu & Kashmir,1959,5223,10,--,--,--,--
,,,,,,,,,
COLLEGES TO BE LOOKED AT,,,,,,,,,
"GUWAHATI MEDICAL COLLEGE, GUWAHATI",Can consider,Assam,1960,6955,11,9907,8,15363,1
"AIIMS, Deogarh",,Jharkhand,2019,4010,49,4203,26,7975,5
"Sagar Dutta Medical College & Hospital, Kolkata",Can consider,West Bengal,2011,6155,7,8677,7,15414,3
"ESIC PGIMSR, Joka, Kolkata, WB",Can consider,West Bengal,2013,6870,7,9892,7,16149,2
"Kalpana Chawla Govt. Medical College, Karnal",Can consider,Haryana,2017,7377,7,10306,7,16283,6
"GOVT. MEDICAL COLLEGE, KOZHIKODE",,Kerala,1957,1555,15,3030,2,--,--
"GOVT.MEDICAL COLLEGE,THIRUVANANTHAPURAM",,Kerala,1951,2274,13,4434,4,8933,1
"GOVT. KILPAUK MEDICAL COLLEGE,CHENNAI",,Tamil Nadu,1960,2802,8,8228,7,17032,6
"Andhra Medical College, Visakhapatnam",Can consider,Andhra Pradesh,1923,5071,16,7795,7,15778,2
"GURU GOVIND SINGH MED COLL,FARIDKOT",Can consider,Punjab,1973,5614,10,7052,9,12831,1
"JHALAWAR MEDICAL COLLEGE, Jhalawar",Can consider,Rajasthan,2008,5664,12,8186,12,12685,11
"Pt. J N M MEDICAL COLLEGE, RAIPUR",Can consider,Chhattisgarh,1963,6178,11,9873,8,16469,4
"Government Medical College, Jammu ",,Jammu & Kashmir,1972,8229,9,9813,5,10792,3
"S.S. MEDICAL COLLEGE, REWA",Can consider,Madhya Pradesh,1963,7576,9,10111,8,15585,6
"VIJAYNAGAR INST OF MED. SC,BELLARY",Can consider,Karnataka,1961,9893,11,12938,10,17602,4
"SKIMS Medical College, Srinagar ",,Jammu & Kashmir,1988,8665,8,11583,5,15887,1
"MAHARAJA K.C. GAJAPATI M.C.,BRAHMAPUR",,Odisha,1962,7055,15,11809,9,18147,4
"GOVERNMENT MEDICAL COLLEGE, MIRAJ",Can consider,Maharashtra,1962,10612,12,12392,12,18165,7
"BUNDELKHAND MEDICAL COLLEGE, SAGAR",,Madhya Pradesh,2009,8569,8,11219,8,16526,4
"MANDYA INST. OF MEDICAL SCI., MANDYA",,Karnataka,2006,9002,8,12495,7,18672,4
"AIIMS, Madurai",,Tamil Nadu,2021,4737,19,5947,17,11177,11
Dr. B.R. Ambedkar State Institute of Medical Sciences,Can consider,Punjab,2021,4845,5,6649,4,7691,1
"SLBS Govt. Medical College, Mandi",Can consider,Himachal Pradesh,2017,6185,7,6352,6,11264,4
"BURDWAN MEDICAL COLLEGE,BURDWAN",Can consider,West Bengal,1969,7863,11,11086,11,17169,5
"SHIMOGA INST. OF MEDICAL SCI., SHIMOGA",Can consider,Karnataka,2007,10808,9,14305,5,19798,3
"V.S.S. MEDICAL COLLEGE, BURLA",,Odisha,1959,8770,13,13815,12,20181,8
"ATAL BIHARI VAJPAYEE GOVERNMENT MEDICAL COLLEGE, VIDISHA",Can consider,Madhya Pradesh,2018,8937,10,11183,10,17754,8
,,,,,,,,,
,,,,,,,,,
REJECTED LIST,,,,,,,,,
"GOVT. MEDICAL COLLEGE, KOTTAYAM",,Kerala,1960,3054,10,6465,7,--,--
"GOVT.MEDICAL COLLEGE, THRISSUR",,Kerala,1981,3720,10,7934,9,12429,1
"KURNOOL MEDICAL COLLEGE, KURNOOL",Can consider,Andhra Pradesh,1957,8210,13,12427,9,20527,7
"COIMBATORE MEDICAL COLLEGE,COIMBATORE",,Tamil Nadu,1966,4468,11,9377,6,17785,6
"MADURAI MEDICAL COLLEGE, MADURAI",,Tamil Nadu,1954,5004,15,9857,7,18915,5
"GUNTUR MEDICAL COLLEGE, GUNTUR",Can consider,Andhra Pradesh,1946,7804,14,10262,8,19821,6
"Government Medical College, ESIC, Kollam",,Kerala,2017,7466,7,12560,7,15023,2
"Government Medical College, Omandurar",,Tamil Nadu,2015,5015,6,10357,6,18975,1
"GMC, Manjeri, Kerala",,Kerala,2013,7060,7,11186,6,17080,4
"T.D. MEDICAL COLLEGE, ALLAPPUZHA",,Kerala,1963,4757,11,9832,11,13987,5
Govt Medical College Kannur,,Kerala,1995,6239,5,9833,3,15490,3
"GOVT. VELLORE MEDICAL COLLEGE, VELLORE",,Tamil Nadu,2005,4793,5,10067,5,19173,5
"Govt Medical College, Ernakulam",,Kerala,2000,5631,7,11124,7,15336,2
Kakatiya Medical College Warangal,,Telangana,1959,9598,10,13832,9,19832,5
"Siddartha Medical College, Vijayawada",,Andhra Pradesh,1980,10840,9,11885,7,20258,2
"DR. VAISHAMPAYAM MEMORIAL M.C.,SHOLAPUR",Can consider,Maharashtra,1963,9816,12,12204,12,17367,7
"Dr.Radhakrishnan Government Medical College, Hamirpur",Can consider,Himachal Pradesh,2018,7601,6,9426,6,14299,1
"NORTH BENGAL MED.COLL,DARJEELING",Can consider,West Bengal,1968,8413,11,11558,10,16695,2
"BANKURA SAMMILANI MED COLL,BANKURA",,West Bengal,1956,10087,12,12454,10,19068,5
Rajarshee Chhatrapati Shahu Maharaj Government Medical College Kolhapur,Can consider,Maharashtra,2001,10409,10,12643,10,18491,6
"COLLEGE OF MEDICINE and JNM HOSPITAL, KALYANI",Can consider,West Bengal,2010,8389,8,11546,7,18286,5
"Employees State Insurance Corporation Medical College, Alwar",,Rajasthan,2021,6304,6,7749,6,11116,2
"Sri Venkateswara Medical College, Tirupati",,Andhra Pradesh,1960,10170,15,14326,12,20725,7
"NALANDA MEDICAL COLLEGE, PATNA",,Bihar,1970,5646,8,8659,7,11933,5
"THANJAVUR MEDICAL COLL.,THANJAVUR",,Tamil Nadu,1959,7391,10,14213,10,19760,6
"GOVT. MOHAN KUMARAMANGALAM M.C.,SALEM",,Tamil Nadu,1986,8235,6,13333,6,19906,1
"CHENGALPATTU MEDICAL COLL,CHENGALPATTU",,Tamil Nadu,1965,7838,7,14106,7,20355,5
"Rangaraya Medical College, Kakinada",,Andhra Pradesh,1958,10422,14,9519,3,20487,3
"K.A.P. VISWANATHAM G.M.C.,TIRUCHIRAPALLI",,Tamil Nadu,1998,10140,8,14771,7,20447,3
"GOVT. MEDICAL COLLEGE,TIRUNELVELI",,Tamil Nadu,1965,8299,14,11812,7,18287,2
"ESIC Medical College AND PGIMSR, Chennai",,Tamil Nadu,2013,7581,8,11829,8,16803,2
"Govt. Medical College ESI and Hospital, Coimbatore",,Tamil Nadu,2016,8574,7,12894,7,19520,6
"ESIC Medical College & Hospital, Bihta",,Bihar,2021,10390,6,12777,4,16372,1
"SHKM GMC, Nalhar, Mewat, Haryana",,Haryana,2013,9924,8,13640,8,19926,5
"Darbhanga Medical College, Laheriasarai",,Bihar,1946,6642,7,9516,7,14449,4
"VARDHMAN INSTITUTE OF MEDICAL SCIENCES, NALANDA",,Bihar,2013,7793,7,10538,7,17087,7
"Jawaharlal Nehru Medical College, Bhagalpur",,Bihar,1971,8100,7,10415,6,16757,5
"GOVERNMENT MEDICAL COLLEGE, LATUR",,Maharashtra,2002,11916,9,14774,9,19918,4
"GOVERNMENT MEDICAL COLLEGE, AKOLA",,Maharashtra,2002,11801,12,14187,12,20216,10
"DR.S.C.GOVT MEDICAL COLLEGE,,NANDED",,Maharashtra,1988,10839,8,12555,7,17367,7
"M.G.M. MEDICAL COLLEGE,JAMSHEDPUR",,Jharkhand,1961,5235,2,10026,7,16109,7
"SRI KRISHNA MEDICAL COLLEGE, MUZAFFARPUR",,Bihar,1970,8378,6,11079,5,15155,2
"ANUGRAH NARAYAN MAGADH MEDICAL COLLEGE, GAYA",,Bihar,1970,8555,5,11076,4,16465,2
Govt Medical College Ratlam,,Madhya Pradesh,2018,9660,10,11769,10,17196,6
"Govt. Medical College, Khandwa",,Madhya Pradesh,2018,11131,7,12970,7,18069,2
"Goverment Medical College, Datia",,Madhya Pradesh,2018,11079,6,12858,6,--,--
Govt Medical College Baramati,,Maharashtra,2019,10218,6,12402,6,16828,2
"SWAMI RAMANAND TiRTH RURAL M.C,AMBAJOGAI",,Maharashtra,1974,12363,9,14188,9,18877,4
"SHRI BHAUSAHEB HIRE GOVT. M.C., DHULE",,Maharashtra,1988,11771,8,13774,8,16550,3
"ASSAM MEDICAL COLLEGE, DIBRUGARH",Can consider,Assam,1947,10967,11,15478,9,20346,5
"SH VASANT RAO NAIK GOVT.M.C.,YAVATMAL",,Maharashtra,1989,13108,14,14868,14,19326,6
"HASSAN INST. MEDICAL SCIENCES, HASSAN",,Karnataka,2006,10111,9,14312,9,20080,3
"RAICHUR INST. OF MEDICAL SCI., RAICHUR",Can consider,Karnataka,2007,12825,7,15136,7,20509,6
"SUH Maulana Mahmood Hasan Medical College, Saharanpur",,Uttar Pradesh,2015,9005,6,10502,5,15258,2
"Government Medical College, Pali",,Rajasthan,2018,7436,10,9941,10,13628,6
"Government Medical College, Bhilwara",,Rajasthan,2018,6568,8,9343,8,13895,7
"Government Medical College, Bharatpur",,Rajasthan,2018,7122,9,9924,9,14235,9
"Gulbarga Institute of Medical Sciences, Gulbarga",,Karnataka,2015,11797,8,14495,8,19973,4
"Dr. YS Parmar Govt. Medical College, Nahan",,Himachal Pradesh,2016,6650,7,8897,7,14401,3
"Pt. Jawahar Lal Nehru Govt. Med. College, Chamba",,Himachal Pradesh,2017,7058,8,9853,8,14528,4
SHRI KALYAN GOVT MEDICAL COLLEGE SIKAR,,Rajasthan,2020,5966,6,8422,6,12283,3
"Govt Medical College, Churu",,Rajasthan,2018,7615,9,10352,9,13524,6
Govt Medical College Barmer Rajasthan,,Rajasthan,2019,8091,7,10960,7,14287,6
Chhindwara Institute of Medical Sciences,,Madhya Pradesh,2019,11829,6,13732,6,18929,5
Govt Medical college Shivpuri,,Madhya Pradesh,2019,10253,5,12561,5,17869,3
Govt Medical College Shahdol,,Madhya Pradesh,2019,12043,7,13881,7,19132,7
"Govt Medical College, Dungarpur",,Rajasthan,2018,8313,8,11247,8,14706,9
"REGIONAL INST OF MEDICAL SCI, IMPHAL",,Manipur,1972,6677,5,12505,3,--,--
"SILCHAR MEDICAL COLLEGE, SILCHER",,Assam,1968,13096,8,16949,7,21089,6
"Rajah Muthiah Medical College, Annamalai Universit",,Tamil Nadu,1985,12698,8,17074,8,21452,4
"MIDNAPORE MEDICAL COLLEGE, MIDNAPUR",,West Bengal,2001,11179,11,13974,11,19073,2
Gadag Institute of Medical Sciences,,Karnataka,2015,14340,9,16763,8,20865,5
"THOOTHUKUDI MEDICAL COLLEGE,THOOTHUKUDI",,Tamil Nadu,2000,11178,8,16819,6,21155,2
"THENI GOVT. MEDICAL COLLEGE, THENI",,Tamil Nadu,2006,9785,6,15518,6,20746,4
"GVMC, VILLUPURAM",,Tamil Nadu,2010,11648,7,17257,7,21412,3
"GOVT. DHARAMAPURI MED COLL,DHARMAPURI",,Tamil Nadu,2008,11257,5,16904,5,21099,4
"Government Medical College, Ananthapuram",,Andhra Pradesh,2000,14148,9,17182,9,21091,3
"Indira Gandhi Medical College & RI, Puducherry",,Pondicherry,2010,8356,10,11625,10,20097,7
"NEIGRIHMS, SHILLONG",,Meghalaya,2008,9532,8,13623,7,18342,2
"Jorhat Medical College and Hospital, JORHAT",,Assam,2010,14435,8,17645,8,21562,6
"AGARTALA GOVT. MEDICAL COLLEGE,AGARTALA",,Tripura,2005,14566,9,18900,7,21597,4
"JLN IMS, IMPHAL",,Manipur,2010,13835,10,16791,10,21097,6
Goverment Medical College And Hospital Jalgaon,,Maharashtra,2018,12267,9,15116,9,20079,5
Government Medical College Khaleelwadi,,Telangana,2013,15126,7,16589,5,19446,1
"RIMS, Ongole",,Andhra Pradesh,2011,14915,10,17997,10,21725,5
"Shaheed Nirmal Mahto Medical College & Hospital, Dhanbad",,Jharkhand,1969,8245,3,10520,2,17782,1
"Government Medical College, Mahabubangar",,Telangana,2016,14831,9,17260,9,20926,2
RIMS Srikakulam,,Andhra Pradesh,2008,14966,6,17841,6,20399,2
Government Medical College Siddipet,,Telangana,2018,15136,7,17938,7,21121,3
"ACSR Govt Medical College, Nellore",,Andhra Pradesh,2014,13231,10,16524,9,18260,2
"RAJIV GANDHI INSTITUTE OF MEDICAL SCIENCES, KADAPA",,Andhra Pradesh,2006,14470,11,17786,11,21309,3
"KANYAKUMARI GOVT. MED. COLL.,ASARIPALLAM",,Tamil Nadu,2003,10842,9,15336,8,20272,3
"BIDAR INSTITUTE OF MEDICAL SCI.,  BIDAR",,Karnataka,2007,12545,8,15397,8,19546,1
"ESIC Medical College, Gulbarga",,Karnataka,2013,10047,9,13720,9,18792,7
"Rani Durgavati Medical College, Banda",,Uttar Pradesh,2016,10578,7,12629,7,16954,3
"Gmc, Bahraich",,Uttar Pradesh,2019,10944,6,13915,6,18379,4
"MRA MEDICAL COLLEGE AMBEDKAR NAGAR, UP",,Uttar Pradesh,2011,8256,6,10944,6,16317,4
"GMC, Shahjhanpur",,Uttar Pradesh,2019,9264,4,12007,4,15833,2
Govt Medical College Basti,,Uttar Pradesh,2019,10795,6,13035,6,17906,4
"Rajkiya Medical College, Jalaun",,Uttar Pradesh,2013,10273,6,12315,6,--,--
"C. Institute of Medical Sciences, Chamarajanagar",,Karnataka,2016,15217,9,18028,9,21712,6
"Govt. Medical College and Hospital, Chandrapur",,Maharashtra,2015,13409,7,15244,7,20494,4
"Government Medcial College, Gondia",,Maharashtra,2016,13643,8,15585,8,20770,6
"CHHATTISGARH INSTITUTE OF MEDICAL SCIENCES, BILASP",,Chhattisgarh,2001,8970,10,12413,10,18964,7
Rajiv Gandhi Institute Medical Sce of Adilabad,,Telangana,2008,13514,6,15640,6,20781,4
Veer Chandra Singh Garhwali SRINAGAR - PAURI GARHWAL,,Uttarakhand,2008,9353,8,12497,7,16701,5
"Kodagu Institute of Medical Sciences, Kodagu",,Karnataka,2016,13906,10,17414,10,21486,5
Koppal Institute of Medical Sciences,,Karnataka,2015,14494,8,17036,8,21328,3
"Shri Atal Bihari Vajpayee Government Medical College, Faridabad",,Haryana,2022,9381,5,12635,5,18374,4
"Lt. B R K Government Medical College, Jagdalpur",,Chhattisgarh,2006,11965,6,15760,6,20240,3
"Government Medical College, Rajnandgaon",,Chhattisgarh,2014,12546,8,15694,8,20208,4
"Govt Medical College, Palakkad",,Kerala,2014,7695,6,13030,6,18634,2
"Thiruvannamalai MC, Thiruvannamalai, TN",,Tamil Nadu,2013,12755,6,17390,6,21672,3
Govt. Medical College Karur,,Tamil Nadu,2019,14726,7,17785,7,22158,5
Govt. Sivgangai M. C. Sivagangai,,Tamil Nadu,2012,14471,6,18108,6,22056,2
"Karwar Institute of Medical Sciences, Karwar",,Karnataka,2016,13066,7,17028,7,21288,4
"Lt. L A M Govt. Medical College, Raigarh",,Chhattisgarh,2013,10290,4,13886,4,19892,4
Autonomous State Medical college Society Hardoi,,Uttar Pradesh,2021,11377,7,14620,7,18813,4
"MAHARSHI DEVRAHA BABA AUTONOMOUS STATE. MEDICAL COLLEGE, DEORIA",,Uttar Pradesh,2021,11259,5,14678,5,16690,3
"Autonomous State Medical College, Pratapgarh",,Uttar Pradesh,2021,11949,6,14550,6,18814,3
"Autonomous State Medical College, Siddharthnagar",,Uttar Pradesh,2021,12418,6,15130,6,18501,3
"Autonomous State Medical College, Ghazipur",,Uttar Pradesh,2021,12652,6,15434,5,19121,4
"GTMC, THIRUVARUR",,Tamil Nadu,2010,12094,5,17399,5,21926,4
"IRT Perundurai Medical College, Perundurai",,Tamil Nadu,1992,12303,6,16423,6,20847,2
"Tezpur Medical College, Tezpur",,Assam,2014,15253,8,18283,6,21796,3
"Mursidabad M C & Hospital, Mursidabad",,West Bengal,2012,12115,8,14930,7,19858,2
"MALDA MED. COLLEGE, MALDA",,West Bengal,2011,11644,5,14244,5,19795,2
Andaman and Nicobar Islands Institute of Medical S,,Andaman & Nicobar,2015,11066,5,16199,5,21803,5
"NAMO Medical Education and Research Institute, Silvassa",,Dadra and Nagar Haveli,2019,10472,8,12121,8,15836,4
"Soban Singh Jeena Government Institute of Medical Science & Research, Almora",,Uttarakhand,2021,11094,6,13136,6,18114,6
"CHIKKABALLAPURA INSTITUTE OF MEDICAL SCIENCES, KARNATAKA",,Karnataka,2021,15040,4,17143,4,21511,4
"Autonomous State Medical College ,Etah",,Uttar Pradesh,2021,10525,5,13108,5,17641,4
"Autonomous State Medical College , Fatehpur",,Uttar Pradesh,2021,10988,4,13855,4,18515,3
"UNS AUTONOMOUS STATE MEDICAL COLLEGES, Jaunpur",,Uttar Pradesh,2021,12592,6,14866,6,19034,3
Diamond Harbour Govt Medical College,,West Bengal,2019,10520,6,12870,6,17131,2
"Pt. Raghunath Murmu Med. College, Baripada",,Odisha,2017,13611,7,17499,7,20559,3
"Govt. Pudukkottai Medical College Hopt., Pudukkott",,Tamil Nadu,2017,14010,9,18768,9,21964,2
"Government Medical College, Chittorgarh",,Rajasthan,2022,8422,6,11756,6,14610,4
"Government Medical College, Dholpur",,Rajasthan,2022,9844,6,12290,6,15477,4
"Government Medical College, Sirohi",,Rajasthan,2022,9256,7,12061,7,15460,7
"Government Medical College, Sri Ganganagar",,Rajasthan,2022,--,--,11241,5,13578,1
"GOVERNMENT MEDICAL COLLEGE AND GENERAL HOSPITAL, SATARA",,Maharashtra,2021,13470,7,16081,6,20371,2
"Government Medical College & Hospital, Alibag-Raigad",,Maharashtra,2021,13886,6,15978,6,20784,5
"Government Medical College, Sindhudurg",,Maharashtra,2021,14232,6,16555,6,21016,7
"SHEIKH BHIKHARI MEDICAL COLLEGE & HOSPITAL, HAZARIBAG ( Formerly called as- Hazaribagh Medical College, Hazaribag)",,Jharkhand,2019,11435,6,15271,6,19661,4
"Government of Medical College and Hospital, Balasore",,Odisha,2018,12583,6,16730,6,20792,3
"Goverment Medical College, Bettiah",,Bihar,2013,10382,9,14045,9,18734,4
RAMPURHAT GOVT MEDICAL COLLEGE RAMPURHAT,,West Bengal,2019,13485,5,16040,5,20217,2
Deben Mahata Government Medical College & Hospital,,West Bengal,2020,12819,6,16110,6,17890,1
Raiganj Government Medical College,,West Bengal,2019,13869,7,15848,7,19792,1
Maharaja Jitendra Narayan Medical College and Hospital Coochbehar,,West Bengal,2019,13593,7,15942,6,19896,2
"Fakhruddin Ali Ahmed Medical College, Barpeta",,Assam,2012,15128,7,17908,7,21695,4
"Chikkamagaluru Institute of Medical Sciences, Chikkamagaluru",,Karnataka,2022,16275,8,19148,8,21762,4
Barasat Government Medical College & Hospital,,West Bengal,2022,12531,6,15767,5,--,--
"Saheed Laxman Nayak Med. College and Hos., Koraput",,Odisha,2017,14265,7,17720,7,21022,1
"Bhima Bhoi Medical College and Hospital , Balangir",,Odisha,2018,13309,5,17461,5,20823,2
"Sri Jagannath Medical College & Hospital, Puri",,Odisha,2021,10836,6,12338,4,20193,3
Government Medical College Suryapet,,Telangana,2019,16107,10,18656,10,21713,5
GOVERMENT MEDICAL COLLEGE NANDURBAR MAHARARASTRA,,Maharashtra,2020,11960,6,15362,6,20488,6
"Jannayak Karpoori Thakur Medical college and Hospital, Madhepura Bihar",,Bihar,2020,--,--,15800,6,19297,3
Government Medical College Nalgonda,,Telangana,2019,16046,8,18637,8,21633,4
Government Medical College Anantnag,,Jammu & Kashmir,2019,10759,6,17105,6,21197,6
Government Medical College Baramulla,,Jammu & Kashmir,2019,16526,7,18448,7,21125,5
"Government Medcial College, Rajmata shrimati devendra kumari singhdeo government medical college, Ambikapur",,Chhattisgarh,2016,13704,7,16922,6,20586,4
"Chandulal Chandrakar Memorial Medical College, Durg",,Chhattisgarh,2013,--,--,18499,10,20408,5
"Government Medical College, Alwar",,Rajasthan,2023,,,,,,
"Government Medical College, Bundi",,Rajasthan,2023,,,,,,
"Government Medical College, Hanumangarh",,Rajasthan,2023,,,,,,
"Government Medical College, Karauli",,Rajasthan,2023,,,,,,
"Dr. Rajdendra Gode Medical College, Amravati",,Maharashtra,2023,--,--,--,--,--,--
"Government Medical college and District Hospital, Ratnagiri",,Maharashtra,2023,,,,,,
"GOVERNMENT MEDICAL COLLEGE, OSMANABAD, Maharashtra",,Maharashtra,2022,15453,6,16937,6,21050,5
"GMERS Medical College, Panchmahal Godhra",,Gujarat,2022,13910,3,16236,3,21312,3
"Government Medical College, Porbandar",,Gujarat,2022,13497,7,16832,7,20554,6
"GMERS Medical College, Morbi",,Gujarat,2022,14052,6,17043,5,20268,4
"GMERS Medical College, Navsari, Adarsh Nivasi Shala Campus, Jalalpore, Dist - Navsari., Gujarat",,Gujarat,2022,14579,7,17715,7,21101,6
"GMERS Medical College, Rajpipla Vadia Palace, Dist Narmada, Gujarat",,Gujarat,2022,15077,6,18191,6,21515,5
"Government Medical College, Thiruvallur",,Tamil Nadu,2021,12024,5,18618,5,21679,2
"Government Medical College, Tiruppur",,Tamil Nadu,2021,14467,5,18460,5,21075,1
"Government Medical College, Virudhunagar",,Tamil Nadu,2021,15972,9,18157,6,21580,2
"Government medical College, Namakkal",,Tamil Nadu,2021,15591,7,19223,7,22221,7
"Government Medical College, Dindigul",,Tamil Nadu,2021,15686,9,19363,7,21885,2
"Government Medical College, Sundargarh",,Odisha,2022,16246,7,19273,7,19979,2
"Government Medical College, Krishnagiri",,Tamil Nadu,2021,16732,8,19657,8,21935,4
"Government Medical College, Ramanathapuram",,Tamil Nadu,2021,16771,7,19522,7,22198,2
"Government Medical College, Kallakurichi",,Tamil Nadu,2021,16605,8,19673,8,22154,2
"Government Medical College, Ariyalur",,Tamil Nadu,2021,16601,9,19635,8,22149,3
"Government Medical College, Nilgiris",,Tamil Nadu,2021,14666,7,19025,7,21902,2
"Government Medical College, Nagapattinam",,Tamil Nadu,2021,16897,9,19641,7,22237,3
"Government Medical College & Hospital, Jalpaiguri",,West Bengal,2022,14003,6,17346,6,20615,4
Sarat Chandra Chattopadhyay Government Medical College & Hospital,,West Bengal,2022,14816,6,17761,6,20732,3
Prafulla Chandra Sen Government Medical College & Hospital,,West Bengal,2022,15642,6,17365,6,20722,3
Tamralipto Government Medical College & Hospital,,West Bengal,2022,14979,5,18114,5,20799,3
"Jhargram Government Medical College and Hospital, West Bengal",,West Bengal,2022,--,--,18673,6,20394,3
"Haveri Institute of Medical Sciences, Karnataka",,Karnataka,2022,16638,8,19319,8,21960,6
"YADGIRI INSTITUTE OF MEDICAL SCIENCES, YADGIRI, Karnataka",,Karnataka,2022,16558,8,18574,8,21855,5
"Government Medical College, Sangareddy",,Telangana,2022,17401,9,19491,9,21800,3
"Government Medical College, Nagarkurnool",,Telangana,2022,17366,9,19895,9,21969,5
"Government Medical College, Wanaparthy",,Telangana,2022,17323,9,19947,9,22196,7
"Government Medical College, Bhadradri Kothagudem",,Telangana,2022,17316,7,19935,7,21914,3
"Government Medical College, Mahabubabad",,Telangana,2022,16429,8,19410,8,21366,4
" Government Medical College, Jagtial",,Telangana,2022,17233,9,19879,9,22119,6
"Government Medical College, Mancherial",,Telangana,2022,--,--,19931,7,21765,3
"Government Medical College, Ramagundam",,Telangana,2022,--,--,20004,8,22130,3
"Government Medical College, Keonjhar",,Odisha,2022,15798,5,19154,5,21428,3
"Phulo Jhano Medical College , Dumka",,Jharkhand,2019,12800,6,16117,6,19917,5
"Medinirai Medical College (previously Known as Palamu Medical College), Palamu",,Jharkhand,2019,14118,6,17002,6,19457,1
Government Medical College Doda ,,Jammu & Kashmir,2020,16564,4,17132,4,21492,4
Government Medical College Kathua,,Jammu & Kashmir,2019,14510,6,13967,2,--,--
"Government Medical College, Jayashankar Bhupalpally",,Telangana,2023,,,,,,
"Government Medical College, Kamareddy",,Telangana,2023,,,,,,
"Government Medical College, Khammam",,Telangana,2023,,,,,,
"Government Medical College, Kumuram Bheem Asifabad",,Telangana,2023,,,,,,
"Government Medical College, Vikarabad",,Telangana,2023,,,,,,
"Government Medical College, Rajanna Sircilla",,Telangana,2023,,,,,,
Government Medical College Bhawanipatna,,Odisha,2023,,,,,,
"Government Medical College, Konni Kerala",,Kerala,2022,10495,4,15106,4,20439,4
"Government Medical College, Vizianagaram",,Andhra Pradesh,2023,,,,,,
"Government Medical College, Eluru",,Andhra Pradesh,2023,,,,,,
"Government Medical College, Nandyal",,Andhra Pradesh,2023,,,,,,
"Government Medical College, Kanker, Chhattisgarh",,Chhattisgarh,2021,13592,7,17316,7,21083,7
"Government Medical College, Mahasamund",,Chhattisgarh,2022,15350,7,18654,7,20963,4
"Government Medical College, Korba",,Chhattisgarh,2022,15315,5,18306,5,21196,4
"Government Medical College, Handwara",,Jammu & Kashmir,2023,,,,,,
"Government Medical College, Udhampur",,Jammu & Kashmir,2023,,,,,,
"Government Medical College, Idukki.",,Kerala,2022,9194,6,14598,6,20098,4
Government Medical College Rajouri,,Jammu & Kashmir,2019,15976,7,17096,6,--,--
"Diphu Medical College & Hospital, Assam",,Assam,2020,15669,7,19408,7,21950,5
"Lakhimpur Medical College, North Lakhimpur, Assam",,Assam,2021,15701,5,19392,5,21829,4
"Dhubri Medical College, Assam,Dhubri",,Assam,2022,--,--,19211,4,21868,3
"Nalbari Medical College, Nalbari",,Assam,2023,,,,,,
"Kokrajhar Medical College, Rangalikhata",,Assam,2023,--,--,--,--,--,--
"Nagaon Medical College,Nagaon, Assam",,Assam,2023,--,--,--,--,--,--
"Tomo Riba Institute Health and Medical Sciences, Naharlagun",,Arunachal Pradesh,2018,14630,2,18410,2,21374,1
ZORAM MEDICAL COLLEGE Falkawn,,Mizoram,2018,16049,7,19356,7,22170,7
"Government Medical College, Churachandpur",,Manipur,2022,16300,6,19259,6,21951,6
Nagaland Institute of Medical Sciences & Research,,Nagaland,2023,,,,,,
,,,,,,,,,
,,,,,,,,,
NEW COLLEGES,,,,,,,,,