closing_AIR_2026_R1,opening_AIR,R1_gen_seats,institute
8054,6214,4,"Theni Government Medical College, Theni,G. Vilakku, Shanmugasundarapuram village, Aundipatti Taluk, Theni District, Tamilnadu"
8078,3932,12,"RG Kar Medical College, Kolkata,R G Kar Medical College 1 Khudiram bose sarani, Kolkata"
8120,4652,5,"Government Medical College, Thiruvallur,BLOCK 1 MASTER PLAN COMPLEX, THIRUVALLUR COLLECTORATE, PERUMBAKKAM VILLAGE, THIRUVALLUR, TAMIL NADU"
8125,6758,3,"Government Medical College, Wayanad,Government Medical College, Wayanad, Mananthavady P.O., Wayanad, Kerala- 670645"
8145,6158,6,"Dr. Radhakrishnan Government Medical College, Hamirpur, H.P,Dr. Radhakrishnan Government Medical College,Hamirpur, Himachal Pradesh-177001"
8198,6919,4,"Government Medical College, Nahan, Sirmour H.P.,Nahan, District Sirmaur, Himachal Pradesh"
8212,7630,4,"Government Medical College, Alwar,Government Medical College Alwar Jail Circle alwar"
8301,7082,2,"ESIC Medical College and Hospital, VARANASI,ESIC MEDICAL COLLEGE AND HOSPITAL, PANDEYPUR,VARANASI U. P. 221002"
8311,4189,9,"Kurnool Medical College, Kurnool,BUDHAWARPET, KURNOOL."
8436,8436,1,"Government Medical College Kasaragod,Govt. Medical College, Kasaragod, Ukkinadka, Badiadka panchayath, Kerala-671552"
8498,2255,9,"Rangaraya Medical College, Kakinada,PITHAPURAM ROAD, KAKINADA"
8528,8175,3,"Government Medical College, Chittorgarh,Government Medical College Chittorgarh Bojunda - Udaipur Road Chittorgarh"
8556,4358,3,"Indira Gandhi Medical College & Research Institute, Puducherry,Vazhudavour Road, Kadirkamam"
8562,7591,3,"Shaikh-UL-Hind Maulana Mahmood Hasan Medical College, Saharanpur,Ambala Road, Pilakhni, Saharanpur"
8626,6958,7,"College of Medicine and Sagore Dutta Hospital, Kolkata,578, B.T. Road, Kamarhati, Kolkata"
8651,4086,5,"Government Medical College, Haridwar,Jagjeetpur Laksar road Haridwar"
8727,2176,6,"VARDHMAN INSTITUTE OF MEDICAL SCIENCES, NALANDA,BMIMS, PAWAPURI NALNADA"
8744,3168,3,"Thoothukudi Medical College, Thoothukudi,KAMARAJ NAGAR, 3rd MILE, THOOTHUKUDI"
8759,6040,7,"KanyaKumari Government Medical College, Asaripallam,ASARIPALLAM, KANYAKUMARI DISTRICT-629201"
8767,6840,5,"Shri Atal Bihari Vajpayee Government Medical College, Faridabad,Shri Atal Bihari Vajpayee Government Medical College Chhainsa Faridabad"
8797,8440,6,"Pt. Jawahar Lal Nehru Government Medical College, Chamba,Pt. Jawaharlal Nehru Govt. Medical College Chamba"
8812,6979,5,"NAMO Medical Education & Research Institute, Govt Medical College Silvassa,NAMO Medical Education and Research Institute, next to Sayli cricket stadium, Sayli Road, Silvassa"
8863,7521,13,"Shyam Shah Medical College, Rewa,NEAR DHOBIYA TANKI, JAIL ROAD, REWA"
8867,8256,3,"Government Medical College, Sri Ganganagar,Government Medical college sriganganagar rajasthan"
9004,7751,4,"Government Medical College, Barmer,NH-15, JAISALMER ROAD, VILLAGE-JALIPA, BARMER"
9070,7684,7,"Dr. Bhimrao Ramji Ambedkar, Government Medical College, Kannauj, U.P.,Tirwa Road, Kannauj"
9088,7879,2,"Government Medical College, Sirohi,SIROHI SHIVGANJ HIGHWAY,NEAR AMBESHWAR ,VILLAGE- KOLAR, TEHSIL- SIVGANJ,DIST- SIROHI"
9122,5254,11,"Kakatiya Medical College, Warangal,SVP Road, Warangal"
9133,8558,3,"Government Medical College & Super facility Hospital, Azamgarh,Government Medical College and Super Facility Hospital Chakrapanpur Post Office-Kanaila, Azamgarh"
9265,3718,10,"S V Medical College, Tirupati,NEAR VIVEKANDANDA CIRCLE, ALIPIRI ROAD TIRUPATI"
9275,7478,7,"Government Medical College & Hospital (Renamed as Fakir Mohan Medical College & Hospital), Balasore,Remuna, Baleshwar, 756019"
9305,1268,10,"Belagavi Institute of Medical Sciences, Belagavi,DR B R AMBEDKAR ROAD BELAGAVI."
9360,6598,6,"Government Erode Medical College & Hospital, Perundurai (Formerly IRT Perundurai Medical College),GOVERNMENT ERODE MEDICAL COLLEGE PERUNDURAI, PERUNDURAI SANATORIUM POST ERODE DISTRICT"
9376,6722,3,"Government Medical College & Hospital (Renamed as Bhima Bhoi Medical College & Hospital), Balangir,PO - Rajendra College, District- Balangir, Odisha."
9415,9089,4,"Employees State Insurance Corporation Medical College, Patna,ESIC Medical College and Hospital, Arrah Danapur Road, Sikandarpur, Bihta, Patna- 801103"
9419,5513,8,"Employees State Insurance Corporation Medical College, Joka, Kolkata,DIAMOND HARBOUR ROAD POST OFFICE JOKA KOLKATA 700104"
9525,7529,5,"Government Medical College, Sawai Madhopur,Government Medical College, Sawai Madhopur Village Thingla, Sawai Madhopur, Rajasthan"
9640,6916,10,"Hassan Institute of Medical Sciences, Hassan,K R PURAM, BEHIND DC OFFICE,HASSAN"
9742,7889,5,"Chhattisgarh Institute of Medical Sciences, Bilaspur,GOND PARA, SADAR BAZAAR BILASPUR - 495001 (CG)"
9749,9035,4,"Government Medical College,Nashik,Hindu Hruday Samrat Vandaniya Balasaheb Thakare Hospital and Bytco Hospital Near Durga Mata Mandir R"
9783,8377,7,"Government Medical College, Vidisha, MP,NH 86 INFRONT OF KHEL PARISAR SANCHI ROAD VIDISHA"
9793,6564,5,"Government Medical College, Tiruppur,18, DHARAPURAM ROAD, TIRUPPUR, TAMILNADU 641608"
9794,8717,3,"Kalyan Singh Government Medical College,339, CHANDPUR ROAD, NEAR SADAR TEHSIL, BULANDSHAHR"
9833,8096,4,"Government Thiruvannamalai Medical College, Thiruvannamalai,District Collectorate, Master Plan Complex, Vengikkal, Thiruvannamalai"
9873,9334,5,"Mahamaya Rajkiya Allopathic Medical College, Ambedkarnagar,VILLAGE SADDARPUR POST SURAPUR DISTRICT AMBEDKAR NAGAR"
10050,5745,3,"North Eastern Indira Gandhi Regional Instt. of Health and Medical Sciences, Shillong,Mawdiangdiang Shillong East Khasi Hills District"
10092,8194,3,"Shri Krishna Medical College, Muzzafarpur,UMANAGAR MUZAFFARPUR"
10122,4723,9,"Government Siddhartha Medical College, Vijaywada,Beside New Government General Hospital Gunadala Vijayawada"
10132,6058,11,"Burdwan Medical College, Burdwan,BURDWAN MEDICAL COLLEGE, BABURBAG, POST- RAJBATI, DIST- PURBA BARDHAMAN, PIN-713104,WEST BENGAL"
10139,8806,2,"Mahraja Jajati Keshari Medical College (previously Government Medical College and Hospital, Jajpur Odhisha),Dean and Principal, Government Medical College and Hospital, Jajpur, Renamed as Maharaja Jajati Kesh"
10168,5374,5,"Shaheed Hasan Khan Mewati Government Medical College, Nalhar,THE DIRECTOR, SHAHEED HASAN KHAN,MEWATI GOVT. MEDICAL COLLEGE, NALHAR, NUH - HARYANA - 122107"
10187,6881,4,"Government Villupuram Medical College, Villupuram,THE DEAN, GOVERNMENT VILLUPURAM MEDICAL COLLEGE, TRICHY TRUNK ROAD, MUNDIYAMPAKKAM, VILLUPURAM"
10214,8741,2,"Government Medical College, Dausa,GMC DAUSA MITRAPURA BHANDAREJ MOD DAUSA"
10215,10215,1,"Thiruvarur Govt. Medical College, Thiruvarur,MASTER PLAN COMPLEX, VILAMAL VILLAGE, THIRUVARUR"
10303,8204,5,"Shaheed Nirmal Mahto Medical College & Hospital, Dhanbad (formely known as Patliputra Medical College, Dhanbad),PO BCCL TOWNSHIP KOYLANAGAR DHANBAD"
10313,10067,2,"Government Medical College, Jhunjhunu,jjnmedicalcollege@gmail.com"
10335,8037,6,"Bundelkhand Medical College, Sagar,Shivaji ward, tili Road, Sagar"
10357,9145,5,"Jawaharlal Nehru Medical College, Bhagalpur,SUKHRAJ RAI PATH, BHAGALPUR"
10360,9398,2,"Autonomous State Medical College, Akbarpur, Kanpur,Kumbhi, Akabarpur, Kanpur Dehat U.P."
10368,8730,3,"Government Medical College, Dungarpur,VILLAGE- THANA DUNGARPUR"
10383,10224,3,"Government Medical College, Faizabad,GANJA PARGANA- HAVELI AWADH, TAHSIL- SADAR AYODHYA (FAIZABAD)"
10502,5533,16,"Mahatma Gandhi Institute of Medical Sciences, Sevagram, Wardha,VILLAGE AND PO SEVAGRAM DISTRICT WARDHA MAHARASHTRA 442102"
10539,8372,4,"Anugrah Narayan Magadh Medical College, Gaya,SHERGHATI ROAD, GAYAJI"
10551,9191,5,"Government Medical College, Hanumangarh,Ganganagar-sangria Bypass Road Hanumangarh Junction"
10557,8690,5,"Employees State Insurance Corporation Medical College, Gulbarga,ESIC Medical College and Hospital, Sedam Road Gulbarga-585106 Karnataka"
10585,8324,5,"Dr. LAXMINARAYAN PANDEY GOVT. MEDICAL COLLEGE, RATLAM,Gram Banjali, Sailana Road, NH927A, Madhya Pradesh 457001, India"
10587,7201,2,"Veer Chandra Singh Garhwali Govt. Medical Sc. & Research Instt, Srinagar, Pauri Garhwal,BADRINATH MARG, SRIKOT, SRINAGAR - PAURI GARHWAL"
10621,9284,2,"Government Medical College, Jaisalmer,Government Medical College, NH68, Ramgarh Road, Badabagh, Jaisalmer"
10638,10341,3,"Government Medical College, Bundi,GOVT MEDICAL COLLEGE BUNDI"
10700,10599,2,"Rajkiya Medical College Jalaun, Orai, Uttar Pradesh,Kalpi Road Orai Jalaun"
10842,7725,9,"Dr Vaishampayan Memorial Medical College, Solapur,In Front of District Civil Court, Solapur."
10855,8265,6,"College of Medicine and JNM Hospital, Kalyani, Nadia,A Block PS- Kalyani District - Nadia,West Bengal,Pin 741235"
10861,9690,6,"Pt. Raghunath Murmu Medical College and Hospital, Baripada, Odisha,AT-Rangamatia ,PO-Sankhabhanga , Via-Laxmiposi, Dist- Mayurbhanj, Odisha"
10873,8828,4,"Government Medical College, The Nilgiris,No. 1, INDU NAGAR, MYSORE ROAD, UDHAGAMANDALAM, NILGIRIS DISTRICT"
10943,4450,9,"Shimoga Institute of Medical Sciences, Shimoga,SAGAR ROAD, MCGANN HOSPITAL CAMPUS, SHIVAMOGGA"
11084,8527,5,"Government Medical College, Karur,SANAPIRATTI VILLAGE NORTH GANDHIGRAMAM KARUR TAMILNADU"
11100,5666,5,"PT NEKI RAM SHARMA GOVERNMENT MEDICAL COLLEGE, BHIWANI,PANDIT NEKI RAM SHARMA GOVERNMENT MEDICAL COLLEGE, HANSI ROAD, NEAR VITA MILK PLANT, BHIWANI, HARYAN"
11127,10476,3,"Government Medical College, Dholpur,411, OLD BARI ROAD, DHOLPUR"
11135,9006,5,"Government Medical College, Badaun, U.P.,Gunera Wazidpur Ujhani Road Badaun U.P. 243601"
11210,8317,8,"Rajashree Chatrapati Shahu Maharaj Government Medical College, Kolhapur,Rajarshee Chhatrapati Shahu Maharaj Government Medical College, R. K. Nagar Road, Shenda Park, Kol"
11243,11243,1,"Rajkiya Allopathic Medical College, Bahraich, UP,K.D.C Road Bahraich-271801"
11310,7206,2,"Government Medical College, Dindigul,1 Nallampatti Road Adiyanoothu village Dindigul"
11370,4009,9,"Government Medical College, Miraj,Pandharpur Road Miraj tal Miraj Dist sangli"
11422,9148,5,"Government Medical College, Firozabad,DAULATTAPUR JALESHAR ROAD NARKHI FIROZABAD"
11457,11457,1,"Government Medical College, Rajouri, J&K,Government Medical College, Kheora, Mehra, Rajouri, Jammu and Kashmir."
11560,10649,3,"Government Allopathic Medical College, Banda, UP,RANI DURGAVATI MEDICAL COLLEGE, NARAINI ROAD, BANDA-210001"
11600,8387,7,"Soban Singh jeena Government institute of Medical science & Research, Almora,Near Vikas Bhawan Pandeykhola Almora"
11605,7068,5,"Government Medical College & Hospital Cuddalore, Since- 09-05-2025 (erstwhile Rajah Muthiah Medical College, cuddalore, T.N),Government Medical College and Hospital, Cuddalore District, Erstwhile Rajah Muthiah Medical College"
11615,6539,10,"Vijaynagar Institute of Medical Sciences, Bellary,Cantonment, Ballari"
11764,11764,1,"Government Medical College, Bettiah,Government Medical College Bettiah West Champaran Bihar- 845438"
11791,10513,3,"Government Medical College, Shivpuri, MP,Near Katha Mill, Gwalior Bypass Highway, Shivpuri"
11792,8862,13,"North Bengal Medical College, Darjeeling,Sushrutanagar, Darjeeling"
11808,6508,2,"ESIC Medical College and Hospital, Beltola,No. 242, Pir Ajan Fakir Road, Beltola, Guwahati, Assam-781022"
11884,9232,3,"Government Medical College, Shahjahanpur, UP,AUTONOMOUS STATE MEDICAL COLLEGE ALLIED PANDIT RAM PRASAD BISMIL HOSPITAL SHAHJAHANPUR UTTAR PRADESH"
11895,8541,4,"Autonomous State Medical College Society, Etah, Uttar Pradesh,NAGLA PADIHAR SIRAO MAHARARA LINK, PAC ROAD, SAKEET, ETAH,U.P.- 207001"
11922,10696,6,"Government Medical College, Banswara,MADARESHWAR, RATLAM ROAD BANSWARA"
11947,9377,5,"Barasat Government Medical College & Hospital,80 Jessore Road Banamalipur JL NO 80and Uttorhat JL no 78 Barasat North Twenty Four Parganas 700124"
12042,10083,5,"Government Medical College, Karauli,mandrayal road karauli"
12136,7605,8,"Dr. Shankarrao Chavan Govt. Medical College, Nanded,VISHNUPURI NANDED MAHARASHTRA 431606"
12192,12192,1,"Government medical college, tonk, Government Medical College,Yusufpura at Charai, Rajasthan 304001"
12312,8103,6,"Late Shri Baliram Kashyap Memorial NDMC Govt. Medical College, Jagdalpur,LATE BALIRAM KASHYAP MEMORIAL GOVT. MEDICAL COLLEGE, DIMRAPAL GEEDAM ROAD , JAGDALPUR DIST-BASTAR"
12353,10579,3,"Virendra Kumar Sakhlecha Government Medical College,Kanawati, Mhow-Naseerabad Road, Neemuch"
12449,7740,6,"Government Medical College, Namakkal,353 MASTER PLAN COMPLEX SILUVAMPATTY NAMAKKAL"
12616,9940,5,"Diamond Harbour Government Medical College and Hospital, West Bengal,New Town, Post-Diamond Harbour, PS- Diamond Harbour, District South 24 Parganas"
12707,6483,13,"Assam Medial College, Dibrugarh,Borbari, Dibrugarh"
12710,7730,10,"Bankura Sammilani Medical College, Bankura,Principal, Bankura Sammilani Medical College, Lokepur, PO- Kenduadihi, Bankura, Pin- 722102"
12713,9368,5,"Government Medical College, Rampur, Basti,RAMPUR TAHSIL SADAR BASTI BASTI"
12751,12175,4,"Government Medical College, Datia, MP,NEAR 29TH BATTALION, N.H.75, DATIA"
12759,10756,4,"Government Medical College, Baran,Melkhedi, Chhapar Melkhedi Road Baran"
12772,12772,1,"Government Medical College Janjgir, Champa,government medical college janjgir champa, village- pendri, dist- janjgir champa. C.G"
12787,10616,4,"Government Medical College, Kathua,Chak Sajjan Kathua"
12951,12951,1,"Autonomous State Medical College Society, Fatehpur,Autonomous State Medical College Village chittaura near Allipur GT road fatehpur"
12959,9699,6,"Dharanidhar Medical College and Hospital (previously Government Medical College, Keonjhar),AT-KABITRA, NEAR DD COLLEGE, KEONJHARGARH, PS- TOWN POLICE STATION, DIST-KEONJHAR, ODISHA"
12970,10604,6,"Saheed Laxman Nayak Medical College & Hospital, Koraput,AT-JANIGUDA,KORAPUT"
